,graph_id,No Items,No Connections,No Constraints,No Variabes,Runtime,ObjVal,BstBnd,Gap,Nodes Explored,No Feasible Solutions,Simplex Iterations
0,,33,63,32689,11524,0.39241790771484375,1e+100,30136.505999999998,1.0,0.0,0,0.0
1,,33,63,32689,11524,2.5333080291748047,1e+100,33362.01316847379,1.0,0.0,0,5762.0
2,,33,63,32689,11524,4.286653518676758,1e+100,33418.80393846062,1.0,0.0,0,10210.0
