,Name,x,y,z,Direction,CAD Level
0,HX1,0.75,6.599999999970896,3.25,W,EQUIPMENT
1,HX2,0.75,5.700000000008731,0.75,W,EQUIPMENT
2,MBDM1,2.5,0.5,0.6,N,EQUIPMENT
3,MBDM2,2.5,0.5,2.8000000000116416,S,EQUIPMENT
4,CIDM,2.199999999994179,2.8,3.1,E,EQUIPMENT
5,F1,0.35,2.35,0.5,W,EQUIPMENT
6,F2,2.6500000000029105,2.35,0.5,E,EQUIPMENT
