,graph_id,No Items,No Connections,No Constraints,No Variabes,Runtime,ObjVal,BstBnd,Gap,Nodes Explored,No Feasible Solutions,Simplex Iterations
0,,7,10,355,192,0.009958267211914062,158.09999990463257,100.0,0.36748893067475674,0.0,1,0.0
1,,7,10,355,192,1.9318466186523438,131.4000000000582,126.6,0.03652968036572369,17982.0,10,114498.0
