,Name,x,y,z,Direction,CAD Level
0,HX1,0.8,10.0,2.9500000000116415,W,EQUIPMENT
1,HX2,0.8,3.3000000000029104,3.25,E,EQUIPMENT
2,MBDM1,0.8,5.500000000002911,0.8999999999883584,S,EQUIPMENT
3,MBDM2,0.8,3.5000000000029106,0.8999999999883584,N,EQUIPMENT
4,CIDM,0.8,7.80000000000291,0.6,S,EQUIPMENT
5,F1,0.8,10.15,0.5,N,EQUIPMENT
6,F2,0.8,6.65000000000291,3.5,S,EQUIPMENT
