,graph_id,No Items,No Connections,No Constraints,No Variabes,Runtime,ObjVal,BstBnd,Gap,Nodes Explored,No Feasible Solutions,Simplex Iterations
0,,7,10,355,192,0.0,158.09999990463257,100.0,0.36748893067475674,0.0,1,0.0
1,,7,10,355,192,2.016141891479492,131.4000000000582,125.25,0.04680365296845882,15240.0,10,96745.0
